symbol,direction,entry_time,entry_price,exit_time,exit_price,exit_reason,lot_size,pnl_points,pnl_usd,equity
NAS100.,long,2025-07-16 18:15:00+02:00,22912.7,2025-07-16 18:30:00+02:00,22887.994261191325,SL,0.1,-2470.6,-2.47,129.53
DJ30.,short,2025-07-16 20:30:00+02:00,43993.45,2025-07-16 20:30:00+02:00,43803.68113832812,SL,0.1,18976.9,18.98,148.51
NAS100.,short,2025-07-16 20:45:00+02:00,22779.95,2025-07-16 20:45:00+02:00,22829.17779334735,SL,0.1,-4922.8,-4.92,143.59
SP500.,short,2025-07-16 20:45:00+02:00,6227.5,2025-07-16 20:45:00+02:00,6237.796232103148,SL,0.3,-1029.6,-3.09,140.5
NAS100.,long,2025-07-17 18:00:00+02:00,22991.76,2025-07-17 18:15:00+02:00,22968.03463183911,SL,0.1,-2372.5,-2.37,138.13
DJ30.,long,2025-07-17 18:15:00+02:00,44280.0,2025-07-17 18:15:00+02:00,44236.71964544854,SL,0.1,-4328.0,-4.33,133.8
SP500.,long,2025-07-17 18:00:00+02:00,6276.45,2025-07-17 18:15:00+02:00,6270.801598341498,SL,0.6,-564.8,-3.39,130.41
NAS100.,long,2025-07-17 19:00:00+02:00,22995.01,2025-07-17 19:15:00+02:00,22964.035131389443,SL,0.1,-3097.5,-3.1,127.31
DJ30.,long,2025-07-17 19:00:00+02:00,44411.5,2025-07-17 19:15:00+02:00,44345.507110821025,SL,0.1,-6599.3,-6.6,120.71
SP500.,long,2025-07-17 18:45:00+02:00,6279.2,2025-07-17 19:15:00+02:00,6272.337112447621,SL,0.5,-686.3,-3.43,117.28
NAS100.,long,2025-07-17 19:45:00+02:00,23017.51,2025-07-17 20:00:00+02:00,23075.706714819622,SL,0.1,5819.7,5.82,123.1
NAS100.,long,2025-07-18 18:30:00+02:00,23148.61,2025-07-18 18:30:00+02:00,23129.64372964933,SL,0.2,-1896.6,-3.79,119.31
SP500.,short,2025-07-18 19:45:00+02:00,6296.3,2025-07-18 20:45:00+02:00,6302.7819217515935,SL,0.5,-648.2,-3.24,116.07
NAS100.,short,2025-07-18 19:15:00+02:00,23077.36,2025-07-21 04:00:00+02:00,23105.60349406795,SL,0.1,-2824.3,-2.82,113.25
NAS100.,short,2025-07-21 17:45:00+02:00,23122.95,2025-07-21 17:45:00+02:00,23098.11967648705,SL,0.2,2483.0,4.97,118.22
DJ30.,short,2025-07-21 18:15:00+02:00,44419.45,2025-07-21 18:30:00+02:00,44444.61615027667,SL,0.1,-2516.6,-2.52,115.7
SP500.,short,2025-07-21 18:00:00+02:00,6306.95,2025-07-21 18:30:00+02:00,6310.238290316579,SL,0.9,-328.8,-2.96,112.74
NAS100.,long,2025-07-21 18:45:00+02:00,23194.7,2025-07-21 18:45:00+02:00,23241.96079769488,SL,0.1,4726.1,4.73,117.47
DJ30.,long,2025-07-21 19:00:00+02:00,44508.45,2025-07-21 19:00:00+02:00,44466.87336656055,SL,0.1,-4157.7,-4.16,113.31
DJ30.,long,2025-07-21 19:30:00+02:00,44526.45,2025-07-21 22:00:00+02:00,44612.05367132394,SL,0.1,8560.4,8.56,121.87
DJ30.,long,2025-07-22 18:45:00+02:00,44460.51,2025-07-22 18:45:00+02:00,44410.905829142044,SL,0.1,-4960.4,-4.96,116.91
NAS100.,short,2025-07-22 19:15:00+02:00,23041.24,2025-07-22 19:30:00+02:00,23072.477709760973,SL,0.1,-3123.8,-3.12,113.79
NAS100.,short,2025-07-23 18:00:00+02:00,23098.59,2025-07-23 18:15:00+02:00,23118.017883155975,SL,0.1,-1942.8,-1.94,111.85
NAS100.,short,2025-07-23 18:45:00+02:00,23060.94,2025-07-23 20:45:00+02:00,23087.650594676994,SL,0.1,-2671.1,-2.67,109.18
SP500.,short,2025-07-23 18:45:00+02:00,6330.85,2025-07-23 20:45:00+02:00,6336.002741485663,SL,0.5,-515.3,-2.58,106.6
NAS100.,short,2025-07-24 17:45:00+02:00,23208.64,2025-07-24 18:15:00+02:00,23227.60924475164,SL,0.1,-1896.9,-1.9,104.7
SP500.,short,2025-07-24 17:45:00+02:00,6362.05,2025-07-24 18:15:00+02:00,6366.349058842932,SL,0.6,-429.9,-2.58,102.12
NAS100.,short,2025-07-24 19:15:00+02:00,23181.14,2025-07-24 19:30:00+02:00,23214.09437266691,SL,0.1,-3295.4,-3.3,98.82
NAS100.,short,2025-07-25 18:15:00+02:00,23228.94,2025-07-25 18:30:00+02:00,23245.650334586782,SL,0.1,-1671.0,-1.67,97.15
DJ30.,short,2025-07-25 19:00:00+02:00,44736.51,2025-07-25 19:00:00+02:00,44663.28911526629,SL,0.1,7322.1,7.32,104.47
NAS100.,long,2025-07-25 19:15:00+02:00,23270.69,2025-07-25 21:15:00+02:00,23330.575801581286,SL,0.1,5988.6,5.99,110.46
SP500.,long,2025-07-25 19:45:00+02:00,6381.57,2025-07-25 21:15:00+02:00,6389.733967100736,SL,0.5,816.4,4.08,114.54
NAS100.,short,2025-07-28 18:15:00+02:00,23355.2,2025-07-28 18:30:00+02:00,23374.762473768747,SL,0.1,-1956.2,-1.96,112.58
NAS100.,long,2025-07-29 18:45:00+02:00,23498.09,2025-07-29 18:45:00+02:00,23478.183630832045,SL,0.1,-1990.6,-1.99,110.59
DJ30.,short,2025-07-29 18:45:00+02:00,44833.51,2025-07-29 19:30:00+02:00,44745.42607747477,SL,0.1,8808.4,8.81,119.4
NAS100.,short,2025-07-29 19:15:00+02:00,23449.09,2025-07-29 19:45:00+02:00,23400.395444846035,SL,0.1,4869.5,4.87,124.27
SP500.,short,2025-07-29 19:00:00+02:00,6403.43,2025-07-29 19:45:00+02:00,6390.920398783704,SL,0.6,1251.0,7.51,131.78
DJ30.,long,2025-07-30 19:30:00+02:00,44733.51,2025-07-30 19:45:00+02:00,44679.52924718135,SL,0.1,-5398.1,-5.4,126.38
SP500.,long,2025-07-30 19:45:00+02:00,6389.83,2025-07-30 20:00:00+02:00,6383.833667183214,SL,0.5,-599.6,-3.0,123.38
DJ30.,short,2025-07-30 20:15:00+02:00,44587.51,2025-07-30 20:45:00+02:00,44643.102697804665,SL,0.1,-5559.3,-5.56,117.82
NAS100.,short,2025-07-31 18:30:00+02:00,23629.74,2025-07-31 18:30:00+02:00,23517.496811468594,TP,0.1,11224.3,11.22,129.04
SP500.,short,2025-07-31 18:30:00+02:00,6418.88,2025-07-31 18:30:00+02:00,6404.178474209548,SL,0.6,1470.2,8.82,137.86
NAS100.,short,2025-07-31 19:00:00+02:00,23555.74,2025-07-31 19:45:00+02:00,23436.467800992352,SL,0.1,11927.2,11.93,149.79
DJ30.,short,2025-07-31 20:00:00+02:00,44447.51,2025-07-31 21:15:00+02:00,44521.72190237955,SL,0.1,-7421.2,-7.42,142.37
NAS100.,short,2025-08-05 19:15:00+02:00,23212.05,2025-08-05 19:30:00+02:00,23092.622664156435,SL,0.1,11942.7,11.94,154.31
DJ30.,short,2025-08-05 19:15:00+02:00,44098.55,2025-08-05 19:45:00+02:00,43964.38408041173,SL,0.1,13416.6,13.42,167.73
NAS100.,long,2025-08-06 18:45:00+02:00,23105.0,2025-08-06 19:00:00+02:00,23172.639834775066,SL,0.1,6764.0,6.76,174.49
DJ30.,short,2025-08-06 18:45:00+02:00,44135.55,2025-08-06 19:00:00+02:00,44196.26108226131,SL,0.1,-6071.1,-6.07,168.42
NAS100.,long,2025-08-06 19:45:00+02:00,23156.5,2025-08-06 20:45:00+02:00,23256.818830591696,SL,0.1,10031.9,10.03,178.45
SP500.,long,2025-08-06 20:00:00+02:00,6331.48,2025-08-06 23:30:00+02:00,6349.985212426994,SL,0.4,1850.5,7.4,185.85
SP500.,short,2025-08-07 19:15:00+02:00,6369.13,2025-08-07 19:45:00+02:00,6350.053653753595,SL,0.5,1907.6,9.54,195.39
NAS100.,short,2025-08-07 20:00:00+02:00,23443.4,2025-08-07 21:30:00+02:00,23332.968604491038,SL,0.1,11043.1,11.04,206.43
NAS100.,long,2025-08-08 18:45:00+02:00,23510.7,2025-08-08 19:00:00+02:00,23572.393883814297,SL,0.2,6169.4,12.34,218.77
DJ30.,long,2025-08-08 19:00:00+02:00,44153.55,2025-08-08 19:00:00+02:00,44267.43045708676,SL,0.1,11388.0,11.39,230.16
DJ30.,long,2025-08-08 19:30:00+02:00,44205.55,2025-08-08 19:45:00+02:00,44146.08312815896,SL,0.1,-5946.7,-5.95,224.21
DJ30.,short,2025-08-11 18:30:00+02:00,44237.45,2025-08-11 18:30:00+02:00,44266.35118818377,SL,0.2,-2890.1,-5.78,218.43
NAS100.,long,2025-08-11 19:00:00+02:00,23657.05,2025-08-11 20:00:00+02:00,23630.049149900628,SL,0.2,-2700.1,-5.4,213.03
SP500.,short,2025-08-11 19:30:00+02:00,6394.1,2025-08-11 20:45:00+02:00,6399.860379914269,SL,0.9,-576.0,-5.18,207.85
NAS100.,short,2025-08-13 19:30:00+02:00,23875.61,2025-08-13 20:15:00+02:00,23823.373352908504,SL,0.2,5223.7,10.45,218.3
NAS100.,long,2025-08-14 17:15:00+02:00,23876.16,2025-08-14 17:15:00+02:00,23860.87240868682,SL,0.4,-1528.8,-6.12,212.18
NAS100.,short,2025-08-15 18:45:00+02:00,23773.86,2025-08-15 18:45:00+02:00,23703.037188061226,SL,0.2,7082.3,14.16,226.34
SP500.,short,2025-08-15 18:45:00+02:00,6471.07,2025-08-15 18:45:00+02:00,6458.023005262798,SL,1.0,1304.7,13.05,239.39
DJ30.,short,2025-08-15 18:45:00+02:00,45129.42,2025-08-15 19:00:00+02:00,44994.352022422754,SL,0.1,13506.8,13.51,252.9
SP500.,short,2025-08-15 19:15:00+02:00,6463.19,2025-08-15 20:30:00+02:00,6446.6852698439425,SL,0.9,1650.5,14.85,267.75
NAS100.,short,2025-08-15 20:00:00+02:00,23721.61,2025-08-15 23:00:00+02:00,23763.498582895354,SL,0.2,-4188.9,-8.38,259.37
NAS100.,short,2025-08-19 18:00:00+02:00,23676.0,2025-08-19 18:30:00+02:00,23590.96316421443,TP,0.3,8503.7,25.51,284.88
SP500.,long,2025-08-19 19:15:00+02:00,6457.67,2025-08-19 19:15:00+02:00,6451.260335746653,SL,1.1,-641.0,-7.05,277.83
SP500.,short,2025-08-19 19:45:00+02:00,6442.47,2025-08-19 20:00:00+02:00,6427.013331066636,SL,1.0,1545.7,15.46,293.29
DJ30.,long,2025-08-20 17:15:00+02:00,44946.45,2025-08-20 18:30:00+02:00,45056.672512740755,SL,0.2,11022.3,22.04,315.33
NAS100.,short,2025-08-20 18:45:00+02:00,23260.2,2025-08-20 18:45:00+02:00,23116.597725804506,TP,0.2,14360.2,28.72,344.05
SP500.,short,2025-08-20 18:45:00+02:00,6400.1,2025-08-20 18:45:00+02:00,6374.630031862345,TP,1.4,2547.0,35.66,379.71
DJ30.,short,2025-08-20 19:30:00+02:00,44809.45,2025-08-20 19:30:00+02:00,44867.968037119186,SL,0.2,-5851.8,-11.7,368.01
SP500.,long,2025-08-22 18:30:00+02:00,6393.76,2025-08-22 18:30:00+02:00,6408.111166007889,SL,1.7,1435.1,24.4,392.41
DJ30.,short,2025-08-25 17:15:00+02:00,45542.95,2025-08-25 18:15:00+02:00,45567.24413742162,SL,0.4,-2429.4,-9.72,382.69
SP500.,long,2025-08-25 19:00:00+02:00,6461.2,2025-08-25 19:00:00+02:00,6456.41957734434,SL,2.0,-478.0,-9.56,373.13
NAS100.,long,2025-08-25 19:00:00+02:00,23457.3,2025-08-25 20:00:00+02:00,23516.770324099885,SL,0.3,5947.0,17.84,390.97
DJ30.,short,2025-08-25 19:15:00+02:00,45471.45,2025-08-25 22:30:00+02:00,45384.46097568744,SL,0.2,8698.9,17.4,408.37
SP500.,long,2025-08-25 20:15:00+02:00,6465.2,2025-08-25 22:30:00+02:00,6459.3479991008435,SL,1.7,-585.2,-9.95,398.42
DJ30.,long,2025-08-26 18:45:00+02:00,45320.49,2025-08-26 18:45:00+02:00,45277.39558306562,SL,0.2,-4309.4,-8.62,389.8
SP500.,long,2025-08-26 18:45:00+02:00,6445.86,2025-08-26 18:45:00+02:00,6440.25495480585,SL,1.7,-560.5,-9.53,380.27
DJ30.,long,2025-08-26 19:15:00+02:00,45332.49,2025-08-26 19:30:00+02:00,45285.574405806576,SL,0.2,-4691.6,-9.38,370.89
NAS100.,long,2025-08-26 19:15:00+02:00,23459.25,2025-08-27 00:15:00+02:00,23517.009443461677,SL,0.3,5775.9,17.33,388.22
SP500.,long,2025-08-26 19:15:00+02:00,6445.86,2025-08-27 00:15:00+02:00,6463.280147677936,SL,1.5,1742.0,26.13,414.35
NAS100.,short,2025-08-27 17:45:00+02:00,23518.8,2025-08-27 17:45:00+02:00,23535.58086381844,SL,0.6,-1678.1,-10.07,404.28
NAS100.,short,2025-08-27 18:15:00+02:00,23516.8,2025-08-27 18:30:00+02:00,23472.882328541462,SL,0.5,4391.8,21.96,426.24
DJ30.,short,2025-08-27 17:45:00+02:00,45434.49,2025-08-27 18:30:00+02:00,45462.35223519078,SL,0.4,-2786.2,-11.14,415.1
SP500.,short,2025-08-27 17:45:00+02:00,6468.66,2025-08-27 18:30:00+02:00,6472.1125169416355,SL,2.9,-345.3,-10.01,405.09
DJ30.,long,2025-08-27 19:00:00+02:00,45539.49,2025-08-27 23:15:00+02:00,45626.61264113144,SL,0.2,8712.3,17.42,422.51
SP500.,short,2025-08-28 19:00:00+02:00,6477.66,2025-08-28 19:00:00+02:00,6484.9221203687,SL,1.5,-726.2,-10.89,411.62
DJ30.,short,2025-08-28 18:45:00+02:00,45549.49,2025-08-28 20:45:00+02:00,45593.99822893716,SL,0.2,-4450.8,-8.9,402.72
NAS100.,long,2025-08-28 19:45:00+02:00,23649.55,2025-08-29 00:00:00+02:00,23737.484452695797,SL,0.2,8793.4,17.59,420.31
DJ30.,long,2025-08-29 18:00:00+02:00,45562.49,2025-08-29 18:30:00+02:00,45625.01547113912,SL,0.4,6252.5,25.01,445.32
NAS100.,short,2025-08-29 18:45:00+02:00,23557.75,2025-08-29 18:45:00+02:00,23476.115982901876,SL,0.4,8163.4,32.65,477.97
DJ30.,short,2025-09-03 17:45:00+02:00,45226.46,2025-09-03 18:15:00+02:00,45269.776384014316,SL,0.3,-4331.6,-12.99,464.98
NAS100.,short,2025-09-03 19:00:00+02:00,23349.16,2025-09-03 19:00:00+02:00,23387.21923266201,SL,0.3,-3805.9,-11.42,453.56
SP500.,short,2025-09-03 19:00:00+02:00,6437.47,2025-09-03 19:00:00+02:00,6444.757641322647,SL,1.6,-728.8,-11.66,441.9
DJ30.,short,2025-09-03 19:00:00+02:00,45146.66,2025-09-03 19:15:00+02:00,45206.45984678042,SL,0.2,-5980.0,-11.96,429.94
NAS100.,long,2025-09-03 19:45:00+02:00,23477.11,2025-09-03 20:15:00+02:00,23427.815852498326,SL,0.2,-4929.4,-9.86,420.08
NAS100.,short,2025-09-04 17:45:00+02:00,23451.81,2025-09-04 18:30:00+02:00,23477.993184868676,SL,0.4,-2618.3,-10.47,409.61
SP500.,short,2025-09-04 17:45:00+02:00,6459.27,2025-09-04 18:30:00+02:00,6464.671605191937,SL,1.9,-540.2,-10.26,399.35
DJ30.,long,2025-09-04 18:45:00+02:00,45353.16,2025-09-04 19:00:00+02:00,45301.41367782329,SL,0.2,-5174.6,-10.35,389.0
NAS100.,short,2025-09-04 19:15:00+02:00,23410.81,2025-09-04 19:15:00+02:00,23448.524587500517,SL,0.3,-3771.5,-11.31,377.69
SP500.,short,2025-09-04 19:15:00+02:00,6457.02,2025-09-04 19:15:00+02:00,6463.966303839956,SL,1.4,-694.6,-9.72,367.97
DJ30.,long,2025-09-04 19:30:00+02:00,45371.46,2025-09-04 20:15:00+02:00,45491.108058027916,SL,0.1,11964.8,11.96,379.93
SP500.,short,2025-09-05 17:15:00+02:00,6514.87,2025-09-05 17:30:00+02:00,6499.843961266583,TP,2.5,1502.6,37.57,417.5
NAS100.,long,2025-09-05 17:45:00+02:00,23802.96,2025-09-05 18:00:00+02:00,23859.05100532507,SL,0.4,5609.1,22.44,439.94
DJ30.,long,2025-09-05 18:45:00+02:00,45730.81,2025-09-05 18:45:00+02:00,45677.492061964665,SL,0.2,-5331.8,-10.66,429.28
SP500.,long,2025-09-05 18:00:00+02:00,6532.47,2025-09-05 18:45:00+02:00,6525.639387108481,SL,1.6,-683.1,-10.93,418.35
SP500.,short,2025-09-05 19:15:00+02:00,6505.72,2025-09-05 19:15:00+02:00,6479.0248525021125,SL,1.4,2669.5,37.37,455.72
DJ30.,short,2025-09-05 19:30:00+02:00,45404.81,2025-09-05 19:30:00+02:00,45315.137175214135,SL,0.2,8967.3,17.93,473.65
DJ30.,short,2025-09-08 17:15:00+02:00,45464.45,2025-09-08 17:15:00+02:00,45495.80789609581,SL,0.4,-3135.8,-12.54,461.11
NAS100.,short,2025-09-08 17:15:00+02:00,23729.05,2025-09-08 17:30:00+02:00,23748.41077947923,SL,0.6,-1936.1,-11.62,449.49
SP500.,short,2025-09-08 17:15:00+02:00,6496.35,2025-09-08 17:30:00+02:00,6500.684034573865,SL,2.7,-433.4,-11.7,437.79
SP500.,long,2025-09-08 19:45:00+02:00,6509.73,2025-09-08 20:45:00+02:00,6503.1686234596855,SL,1.7,-656.1,-11.15,426.64
NAS100.,short,2025-09-09 18:15:00+02:00,23812.1,2025-09-09 18:30:00+02:00,23832.872797336084,SL,0.5,-2077.3,-10.39,416.25
SP500.,short,2025-09-09 18:15:00+02:00,6506.68,2025-09-09 18:30:00+02:00,6511.082952014822,SL,2.4,-440.3,-10.57,405.68
NAS100.,short,2025-09-09 19:00:00+02:00,23805.35,2025-09-09 19:00:00+02:00,23831.694988428342,SL,0.4,-2634.5,-10.54,395.14
NAS100.,short,2025-09-09 19:30:00+02:00,23799.6,2025-09-09 19:30:00+02:00,23730.333264299643,SL,0.3,6926.7,20.78,415.92
DJ30.,short,2025-09-09 19:30:00+02:00,45534.08,2025-09-09 19:30:00+02:00,45586.49619553894,SL,0.2,-5241.6,-10.48,405.44
SP500.,short,2025-09-09 19:30:00+02:00,6504.05,2025-09-09 19:30:00+02:00,6491.113761295472,SL,1.6,1293.6,20.7,426.14
DJ30.,long,2025-09-10 17:45:00+02:00,45769.16,2025-09-10 18:15:00+02:00,45726.83418052555,SL,0.3,-4232.6,-12.7,413.44
DJ30.,short,2025-09-10 19:45:00+02:00,45579.46,2025-09-10 20:00:00+02:00,45462.06650997877,SL,0.2,11739.3,23.48,436.92
DJ30.,long,2025-09-11 18:00:00+02:00,45680.41,2025-09-11 18:00:00+02:00,45638.231700906574,SL,0.3,-4217.8,-12.65,424.27
NAS100.,long,2025-09-11 18:30:00+02:00,23973.4,2025-09-11 18:30:00+02:00,23944.1493532395,SL,0.4,-2925.1,-11.7,412.57
DJ30.,long,2025-09-11 18:45:00+02:00,45757.41,2025-09-11 18:45:00+02:00,45956.631979138736,SL,0.2,19922.2,39.84,452.41
SP500.,long,2025-09-11 18:00:00+02:00,6558.06,2025-09-11 18:45:00+02:00,6570.633376285743,SL,1.7,1257.3,21.37,473.78
NAS100.,long,2025-09-11 19:00:00+02:00,23975.15,2025-09-12 18:30:00+02:00,24048.219446741994,SL,0.3,7306.9,21.92,495.7
DJ30.,short,2025-09-12 18:45:00+02:00,46037.06,2025-09-12 18:45:00+02:00,46074.765571533964,SL,0.3,-3770.6,-11.31,484.39
SP500.,long,2025-09-12 19:00:00+02:00,6593.94,2025-09-12 19:00:00+02:00,6589.486398220447,SL,2.7,-445.4,-12.02,472.37
NAS100.,long,2025-09-12 19:30:00+02:00,24072.1,2025-09-12 22:45:00+02:00,24118.405606477616,SL,0.4,4630.6,18.52,490.89
DJ30.,short,2025-09-12 19:30:00+02:00,46010.06,2025-09-13 00:30:00+02:00,45858.36187303414,SL,0.2,15169.8,30.34,521.23
DJ30.,short,2025-09-15 18:45:00+02:00,45863.45,2025-09-15 18:45:00+02:00,45901.619082080564,SL,0.3,-3816.9,-11.45,509.78
DJ30.,short,2025-09-15 20:30:00+02:00,45859.45,2025-09-15 21:15:00+02:00,45906.87484876606,SL,0.3,-4742.5,-14.23,495.55
DJ30.,short,2025-09-16 18:00:00+02:00,45883.08,2025-09-16 18:15:00+02:00,45913.44184149805,SL,0.4,-3036.2,-12.14,483.41
SP500.,short,2025-09-16 18:00:00+02:00,6630.39,2025-09-16 18:30:00+02:00,6623.589890746627,SL,3.3,680.0,22.44,505.85
NAS100.,short,2025-09-16 18:45:00+02:00,24345.58,2025-09-16 18:45:00+02:00,24311.283578686,SL,0.6,3429.6,20.58,526.43
DJ30.,short,2025-09-16 18:45:00+02:00,45834.08,2025-09-16 18:45:00+02:00,45878.99739606873,SL,0.3,-4491.7,-13.48,512.95
NAS100.,short,2025-09-17 18:45:00+02:00,24255.58,2025-09-17 18:45:00+02:00,24280.891622965803,SL,0.5,-2531.2,-12.66,500.29
DJ30.,short,2025-09-18 17:45:00+02:00,46230.58,2025-09-18 18:00:00+02:00,46063.20477926828,SL,0.3,16737.5,50.21,550.5
NAS100.,short,2025-09-18 18:45:00+02:00,24401.48,2025-09-18 18:45:00+02:00,24439.741534878136,SL,0.4,-3826.2,-15.3,535.2
SP500.,short,2025-09-18 18:15:00+02:00,6634.49,2025-09-18 18:45:00+02:00,6620.305294921836,SL,1.8,1418.5,25.53,560.73
NAS100.,long,2025-09-19 18:15:00+02:00,24539.83,2025-09-19 18:45:00+02:00,24585.18835374514,SL,0.6,4535.8,27.22,587.95
SP500.,short,2025-09-19 20:30:00+02:00,6637.74,2025-09-19 20:45:00+02:00,6645.487217858874,SL,1.9,-774.7,-14.72,573.23
SP500.,long,2025-09-22 18:45:00+02:00,6659.35,2025-09-22 19:00:00+02:00,6668.829349774912,SL,2.8,947.9,26.54,599.77
NAS100.,long,2025-09-22 18:45:00+02:00,24633.25,2025-09-22 19:15:00+02:00,24679.79877596096,SL,0.5,4654.9,23.27,623.04
DJ30.,long,2025-09-22 19:45:00+02:00,46321.1,2025-09-22 22:00:00+02:00,46417.28362986085,SL,0.3,9618.4,28.86,651.9
NAS100.,short,2025-09-23 18:45:00+02:00,24739.39,2025-09-23 19:30:00+02:00,24761.233354050324,SL,0.7,-2184.3,-15.29,636.61
SP500.,short,2025-09-23 20:45:00+02:00,6691.87,2025-09-23 22:00:00+02:00,6682.055348445224,SL,2.9,981.5,28.46,665.07
NAS100.,short,2025-09-24 17:45:00+02:00,24662.99,2025-09-24 18:30:00+02:00,24620.68472789474,SL,0.9,4230.5,38.07,703.14
DJ30.,long,2025-09-24 17:30:00+02:00,46419.95,2025-09-24 18:30:00+02:00,46496.066766238655,SL,0.5,7611.7,38.06,741.2
SP500.,short,2025-09-24 18:45:00+02:00,6669.17,2025-09-24 18:45:00+02:00,6659.366660297986,SL,3.8,980.3,37.25,778.45
NAS100.,short,2025-09-24 19:00:00+02:00,24611.24,2025-09-24 20:30:00+02:00,24560.739331294662,SL,0.7,5050.1,35.35,813.8
DJ30.,short,2025-09-24 20:15:00+02:00,46294.8,2025-09-24 20:45:00+02:00,46193.91088157883,SL,0.3,10088.9,30.27,844.07
SP500.,short,2025-09-24 19:15:00+02:00,6665.67,2025-09-24 20:45:00+02:00,6642.041908655126,TP,3.3,2362.8,77.97,922.04
SP500.,long,2025-09-26 18:00:00+02:00,6634.67,2025-09-26 18:15:00+02:00,6626.753625803335,SL,2.9,-791.6,-22.96,899.08
SP500.,long,2025-09-26 18:45:00+02:00,6642.42,2025-09-26 19:00:00+02:00,6632.500940557554,SL,2.3,-991.9,-22.81,876.27
NAS100.,long,2025-09-29 19:00:00+02:00,24749.35,2025-09-29 20:00:00+02:00,24719.847343093148,SL,0.7,-2950.3,-20.65,855.62
SP500.,short,2025-09-29 20:15:00+02:00,6671.7,2025-09-29 22:30:00+02:00,6657.9202612563395,SL,2.8,1378.0,38.58,894.2
DJ30.,long,2025-09-30 18:45:00+02:00,46367.54,2025-09-30 18:45:00+02:00,46327.23150142629,SL,0.6,-4030.8,-24.19,870.01
NAS100.,short,2025-09-30 19:15:00+02:00,24577.44,2025-09-30 19:30:00+02:00,24614.686767612806,SL,0.6,-3724.7,-22.35,847.66
NAS100.,long,2025-10-01 18:45:00+02:00,24636.94,2025-10-01 18:45:00+02:00,24598.539863867503,SL,0.6,-3840.0,-23.04,824.62
NAS100.,long,2025-10-01 19:15:00+02:00,24639.74,2025-10-01 20:30:00+02:00,24720.282019446688,SL,0.4,8054.2,32.22,856.84
SP500.,long,2025-10-01 19:30:00+02:00,6686.82,2025-10-01 22:15:00+02:00,6708.407009617772,SL,2.0,2158.7,43.17,900.01
DJ30.,long,2025-10-02 18:30:00+02:00,46491.54,2025-10-02 18:30:00+02:00,46593.90333036127,SL,0.7,10236.3,71.65,971.66
SP500.,short,2025-10-02 18:45:00+02:00,6721.6,2025-10-02 18:45:00+02:00,6726.880337516934,SL,4.6,-528.0,-24.29,947.37
NAS100.,short,2025-10-02 18:45:00+02:00,24862.89,2025-10-02 19:00:00+02:00,24892.007737399086,SL,0.8,-2911.8,-23.29,924.08
SP500.,short,2025-10-02 19:15:00+02:00,6716.62,2025-10-02 20:00:00+02:00,6703.773575592575,SL,3.7,1284.6,47.53,971.61
DJ30.,short,2025-10-02 20:15:00+02:00,46326.54,2025-10-02 20:30:00+02:00,46386.72619678577,SL,0.4,-6018.6,-24.07,947.54
NAS100.,short,2025-10-02 20:00:00+02:00,24834.89,2025-10-02 20:45:00+02:00,24867.877182539392,SL,0.7,-3298.7,-23.09,924.45
DJ30.,short,2025-10-03 17:45:00+02:00,46624.24,2025-10-03 18:30:00+02:00,46653.861529724054,SL,0.8,-2962.2,-23.7,900.75
SP500.,long,2025-10-03 19:45:00+02:00,6750.97,2025-10-03 20:30:00+02:00,6744.093188728064,SL,3.3,-687.7,-22.69,878.06
SP500.,short,2025-10-06 18:45:00+02:00,6734.1,2025-10-06 20:00:00+02:00,6740.189578051054,SL,3.6,-609.0,-21.92,856.14
DJ30.,short,2025-10-07 20:15:00+02:00,46622.42,2025-10-07 20:15:00+02:00,46682.666388524834,SL,0.4,-6024.6,-24.1,832.04
DJ30.,short,2025-10-07 21:00:00+02:00,46559.42,2025-10-07 21:30:00+02:00,46620.11962289369,SL,0.3,-6070.0,-18.21,813.83
NAS100.,short,2025-10-08 17:15:00+02:00,24874.0,2025-10-08 18:00:00+02:00,24898.78502234652,SL,0.8,-2478.5,-19.83,794.0
DJ30.,short,2025-10-08 18:45:00+02:00,46584.07,2025-10-08 18:45:00+02:00,46636.88515227109,SL,0.4,-5281.5,-21.13,772.87
NAS100.,long,2025-10-08 18:45:00+02:00,24956.25,2025-10-08 19:00:00+02:00,25043.043297545697,SL,0.7,8679.3,60.76,833.63
SP500.,long,2025-10-08 19:15:00+02:00,6748.13,2025-10-09 01:00:00+02:00,6759.947820278368,SL,2.9,1181.8,34.27,867.9
NAS100.,short,2025-10-09 18:45:00+02:00,25104.25,2025-10-09 18:45:00+02:00,25130.885368202315,SL,0.8,-2663.5,-21.31,846.59
NAS100.,short,2025-10-09 19:15:00+02:00,25099.5,2025-10-09 19:30:00+02:00,25041.447325971818,SL,0.7,5805.3,40.64,887.23
DJ30.,short,2025-10-09 19:15:00+02:00,46539.42,2025-10-09 19:30:00+02:00,46438.53097302351,SL,0.4,10088.9,40.36,927.59
SP500.,short,2025-10-09 19:00:00+02:00,6748.68,2025-10-09 19:30:00+02:00,6734.052613965097,SL,3.6,1462.7,52.66,980.25
NAS100.,long,2025-10-10 18:45:00+02:00,25197.75,2025-10-10 18:45:00+02:00,25167.913217684727,SL,0.8,-2983.7,-23.87,956.38
DJ30.,short,2025-10-10 20:00:00+02:00,46253.47,2025-10-10 20:00:00+02:00,46031.20361527129,TP,0.4,22226.6,88.91,1045.29
DJ30.,long,2025-10-13 19:00:00+02:00,46037.45,2025-10-13 19:15:00+02:00,45946.89768781481,SL,0.3,-9055.2,-27.17,1018.12
SP500.,long,2025-10-13 19:00:00+02:00,6655.9,2025-10-13 19:15:00+02:00,6641.748474404792,SL,1.8,-1415.2,-25.47,992.65
SP500.,short,2025-10-14 18:45:00+02:00,6563.46,2025-10-14 18:45:00+02:00,6579.732592473672,SL,1.5,-1627.3,-24.41,968.24
SP500.,long,2025-10-14 19:30:00+02:00,6624.59,2025-10-14 21:15:00+02:00,6659.572474757339,SL,1.2,3498.2,41.98,1010.22
DJ30.,long,2025-10-15 18:45:00+02:00,46622.6,2025-10-15 18:45:00+02:00,46565.70491661656,SL,0.4,-5689.5,-22.76,987.46
NAS100.,long,2025-10-15 19:15:00+02:00,24925.57,2025-10-15 20:30:00+02:00,24872.9638450297,SL,0.5,-5260.6,-26.3,961.16
DJ30.,short,2025-10-15 20:45:00+02:00,46426.6,2025-10-15 22:00:00+02:00,46166.33772418081,SL,0.3,26026.2,78.08,1039.24
NAS100.,long,2025-10-16 17:45:00+02:00,24943.85,2025-10-16 18:15:00+02:00,24909.352031754956,SL,0.8,-3449.8,-27.6,1011.64
DJ30.,short,2025-10-16 19:15:00+02:00,46306.86,2025-10-16 19:15:00+02:00,46381.60709775543,SL,0.3,-7474.7,-22.42,989.22
SP500.,short,2025-10-16 19:15:00+02:00,6685.86,2025-10-16 19:15:00+02:00,6696.240428621433,SL,2.4,-1038.0,-24.91,964.31
NAS100.,long,2025-10-16 19:45:00+02:00,25018.1,2025-10-16 19:45:00+02:00,24961.181136503135,SL,0.4,-5691.9,-22.77,941.54
SP500.,short,2025-10-16 20:30:00+02:00,6684.36,2025-10-16 21:15:00+02:00,6655.74861038021,SL,1.6,2861.1,45.78,987.32
NAS100.,short,2025-10-16 21:00:00+02:00,24821.1,2025-10-16 21:30:00+02:00,24631.320282865305,SL,0.3,18978.0,56.93,1044.25
DJ30.,short,2025-10-16 21:00:00+02:00,46251.86,2025-10-16 21:30:00+02:00,46010.760467512286,SL,0.2,24110.0,48.22,1092.47
NAS100.,short,2025-10-21 18:45:00+02:00,25120.58,2025-10-21 19:15:00+02:00,25148.113370280993,SL,1.0,-2753.3,-27.53,1064.94
SP500.,long,2025-10-21 20:00:00+02:00,6754.0,2025-10-21 20:15:00+02:00,6746.588295201379,SL,3.6,-741.2,-26.68,1038.26
NAS100.,short,2025-10-22 19:15:00+02:00,25073.81,2025-10-22 19:15:00+02:00,24998.465151832734,SL,0.6,7534.5,45.21,1083.47
DJ30.,short,2025-10-22 19:15:00+02:00,46876.49,2025-10-22 21:00:00+02:00,46782.334135276215,SL,0.5,9415.6,47.08,1130.55
DJ30.,long,2025-10-23 18:45:00+02:00,46707.49,2025-10-23 18:45:00+02:00,46647.52731344466,SL,0.5,-5996.3,-29.98,1100.57
NAS100.,long,2025-10-23 19:00:00+02:00,25033.46,2025-10-23 19:00:00+02:00,24982.82090942943,SL,0.5,-5063.9,-25.32,1075.25
SP500.,long,2025-10-23 18:45:00+02:00,6723.49,2025-10-23 19:15:00+02:00,6713.993817914468,SL,2.9,-949.6,-27.54,1047.71
DJ30.,short,2025-10-27 17:45:00+01:00,47466.45,2025-10-27 17:45:00+01:00,47507.56060682087,SL,0.6,-4111.1,-24.67,1023.04
NAS100.,long,2025-10-27 18:30:00+01:00,25751.95,2025-10-27 22:30:00+01:00,25807.323588654446,SL,0.9,5537.4,49.84,1072.88
NAS100.,long,2025-10-29 18:00:00+01:00,26204.48,2025-10-29 18:00:00+01:00,26175.275276277247,SL,0.9,-2920.5,-26.28,1046.6
DJ30.,long,2025-10-30 17:45:00+01:00,47715.4,2025-10-30 17:45:00+01:00,47883.759784120615,SL,0.3,16836.0,50.51,1097.11
NAS100.,short,2025-10-31 17:45:00+01:00,26010.83,2025-10-31 18:30:00+01:00,26049.12952849078,SL,0.7,-3830.0,-26.81,1070.3
SP500.,short,2025-10-31 17:45:00+01:00,6861.68,2025-10-31 18:30:00+01:00,6870.22942179111,SL,3.2,-854.9,-27.36,1042.94
NAS100.,short,2025-10-31 20:00:00+01:00,25944.83,2025-10-31 20:45:00+01:00,25847.265468380425,SL,0.5,9756.5,48.78,1091.72
SP500.,short,2025-10-31 20:00:00+01:00,6850.03,2025-10-31 21:00:00+01:00,6830.27505796051,SL,2.1,1975.5,41.49,1133.21
DJ30.,short,2025-10-31 20:15:00+01:00,47535.4,2025-10-31 22:45:00+01:00,47622.91674071473,SL,0.3,-8751.7,-26.26,1106.95
DJ30.,short,2025-11-03 17:45:00+01:00,47538.45,2025-11-03 17:45:00+01:00,47438.85061715801,SL,0.5,9959.9,49.8,1156.75
SP500.,short,2025-11-03 17:45:00+01:00,6862.0,2025-11-03 18:15:00+01:00,6835.905089411594,SL,3.2,2609.5,83.5,1240.25
NAS100.,short,2025-11-03 18:30:00+01:00,25948.6,2025-11-03 18:30:00+01:00,25999.952900996464,SL,0.6,-5135.3,-30.81,1209.44
NAS100.,long,2025-11-04 18:00:00+01:00,25784.91,2025-11-04 18:45:00+01:00,25722.857003986956,SL,0.5,-6205.3,-31.03,1178.41
SP500.,long,2025-11-04 18:00:00+01:00,6816.09,2025-11-04 20:00:00+01:00,6803.6331367021885,SL,2.4,-1245.7,-29.9,1148.51
DJ30.,long,2025-11-04 18:00:00+01:00,47200.37,2025-11-04 20:15:00+01:00,47124.99327208917,SL,0.4,-7537.7,-30.15,1118.36
DJ30.,long,2025-11-05 18:00:00+01:00,47281.57,2025-11-05 18:15:00+01:00,47205.19094561449,SL,0.4,-7637.9,-30.55,1087.81
SP500.,long,2025-11-05 18:00:00+01:00,6804.74,2025-11-05 19:45:00+01:00,6824.740558684155,SL,2.4,2000.1,48.0,1135.81
NAS100.,short,2025-11-06 17:30:00+01:00,25592.76,2025-11-06 17:30:00+01:00,25522.653008379093,SL,0.7,7010.7,49.07,1184.88
DJ30.,short,2025-11-06 17:30:00+01:00,47270.07,2025-11-06 17:30:00+01:00,47317.44809968223,SL,0.6,-4737.8,-28.43,1156.45
SP500.,short,2025-11-06 17:30:00+01:00,6795.29,2025-11-06 17:30:00+01:00,6803.91067675486,SL,3.4,-862.1,-29.31,1127.14
DJ30.,short,2025-11-07 19:00:00+01:00,46731.72,2025-11-07 20:00:00+01:00,46563.16107793957,SL,0.3,16855.9,50.57,1177.71
DJ30.,long,2025-11-10 17:45:00+01:00,47298.45,2025-11-10 17:45:00+01:00,47249.116344997616,SL,0.6,-4933.4,-29.6,1148.11
NAS100.,long,2025-11-10 18:15:00+01:00,25558.9,2025-11-10 18:45:00+01:00,25514.747521664347,SL,0.7,-4415.2,-30.91,1117.2
SP500.,long,2025-11-10 18:00:00+01:00,6814.95,2025-11-10 18:45:00+01:00,6806.446150141158,SL,3.4,-850.4,-28.91,1088.29
SP500.,short,2025-11-10 19:30:00+01:00,6784.5,2025-11-10 19:45:00+01:00,6795.852555825924,SL,2.4,-1135.3,-27.25,1061.04
DJ30.,short,2025-11-10 18:45:00+01:00,47108.45,2025-11-10 20:30:00+01:00,47176.6917097179,SL,0.4,-6824.2,-27.3,1033.74
DJ30.,long,2025-11-11 17:45:00+01:00,47497.34,2025-11-11 18:00:00+01:00,47458.6937519362,SL,0.7,-3864.6,-27.05,1006.69
SP500.,long,2025-11-11 18:00:00+01:00,6838.02,2025-11-11 18:00:00+01:00,6830.73928391802,SL,3.5,-728.1,-25.48,981.21
NAS100.,short,2025-11-11 18:15:00+01:00,25507.78,2025-11-11 19:30:00+01:00,25433.68818107862,SL,0.5,7409.2,37.05,1018.26
SP500.,short,2025-11-12 17:45:00+01:00,6871.37,2025-11-12 18:15:00+01:00,6861.027816201146,SL,4.0,1034.2,41.37,1059.63
NAS100.,short,2025-11-13 17:30:00+01:00,25421.18,2025-11-13 17:30:00+01:00,25252.200605657246,SL,0.5,16897.9,84.49,1144.12
NAS100.,short,2025-11-13 18:45:00+01:00,25238.18,2025-11-13 20:45:00+01:00,25101.436147448912,SL,0.4,13674.4,54.7,1198.82
SP500.,long,2025-11-14 18:45:00+01:00,6735.17,2025-11-14 19:15:00+01:00,6766.203180905187,SL,1.6,3103.3,49.65,1248.47
NAS100.,long,2025-11-14 18:45:00+01:00,25036.33,2025-11-14 20:00:00+01:00,25196.323977926648,SL,0.3,15999.4,48.0,1296.47
SP500.,short,2025-11-17 19:15:00+01:00,6712.0,2025-11-17 19:15:00+01:00,6730.253971071788,SL,1.8,-1825.4,-32.86,1263.61
NAS100.,short,2025-11-18 17:45:00+01:00,24606.68,2025-11-18 18:00:00+01:00,24413.931868520394,SL,0.4,19274.8,77.1,1340.71
DJ30.,short,2025-11-19 17:15:00+01:00,46141.83,2025-11-19 17:45:00+01:00,46196.09222794782,SL,0.6,-5426.2,-32.56,1308.15
DJ30.,long,2025-11-19 18:15:00+01:00,46298.33,2025-11-19 18:15:00+01:00,46225.428019251936,SL,0.4,-7290.2,-29.16,1278.99
DJ30.,short,2025-11-19 19:00:00+01:00,46041.33,2025-11-19 20:00:00+01:00,46133.44394012518,SL,0.3,-9211.4,-27.63,1251.36
DJ30.,long,2025-11-20 17:15:00+01:00,46631.03,2025-11-20 17:30:00+01:00,46806.99650579399,SL,0.4,17596.7,70.39,1321.75
NAS100.,long,2025-11-20 18:00:00+01:00,25233.48,2025-11-20 18:00:00+01:00,25163.106916459637,SL,0.5,-7037.3,-35.19,1286.56
NAS100.,short,2025-11-20 19:15:00+01:00,24968.53,2025-11-20 19:30:00+01:00,24726.54068648439,SL,0.3,24198.9,72.6,1359.16
NAS100.,long,2025-11-24 17:45:00+01:00,24578.6,2025-11-24 18:00:00+01:00,24695.825548202043,SL,0.5,11722.6,58.61,1417.77
SP500.,long,2025-11-24 18:15:00+01:00,6679.6,2025-11-24 20:30:00+01:00,6709.473375688974,SL,2.2,2987.3,65.72,1483.49
DJ30.,long,2025-11-25 17:45:00+01:00,46642.49,2025-11-25 17:45:00+01:00,46562.611235937235,SL,0.5,-7987.9,-39.94,1443.55
NAS100.,short,2025-11-25 18:15:00+01:00,24707.75,2025-11-25 18:30:00+01:00,24773.783225713458,SL,0.5,-6603.3,-33.02,1410.53
DJ30.,long,2025-11-25 18:30:00+01:00,46688.49,2025-11-25 18:30:00+01:00,46831.928726632505,SL,0.4,14343.9,57.38,1467.91
SP500.,long,2025-11-25 18:45:00+01:00,6728.78,2025-11-25 18:45:00+01:00,6715.408439698515,SL,2.7,-1337.2,-36.1,1431.81
SP500.,long,2025-11-26 17:45:00+01:00,6812.03,2025-11-26 17:45:00+01:00,6804.4270378303445,SL,4.7,-760.3,-35.73,1396.08
DJ30.,long,2025-11-26 19:00:00+01:00,47478.5,2025-11-26 20:30:00+01:00,47598.19570113284,SL,0.5,11969.6,59.85,1455.93
NAS100.,long,2025-11-26 19:00:00+01:00,25238.04,2025-11-28 16:30:00+01:00,25344.910697293697,SL,0.6,10687.1,64.12,1520.05
DJ30.,long,2025-11-28 18:00:00+01:00,47616.5,2025-11-28 18:15:00+01:00,47738.988118341425,SL,0.9,12248.8,110.24,1630.29
SP500.,long,2025-11-28 18:15:00+01:00,6840.03,2025-11-28 19:00:00+01:00,6850.592815011035,SL,7.1,1056.3,75.0,1705.29
DJ30.,long,2025-12-01 18:00:00+01:00,47697.5,2025-12-01 18:00:00+01:00,47635.20060181841,SL,0.7,-6229.9,-43.61,1661.68
NAS100.,long,2025-12-01 18:00:00+01:00,25358.15,2025-12-01 18:15:00+01:00,25302.856884108478,SL,0.8,-5529.3,-44.23,1617.45
SP500.,long,2025-12-01 18:00:00+01:00,6839.65,2025-12-01 18:15:00+01:00,6829.133546820786,SL,4.0,-1051.6,-42.07,1575.38
DJ30.,short,2025-12-01 18:30:00+01:00,47437.45,2025-12-01 18:45:00+01:00,47500.304291432294,SL,0.6,-6285.4,-37.71,1537.67
NAS100.,long,2025-12-01 19:00:00+01:00,25402.35,2025-12-01 19:00:00+01:00,25346.610718183852,SL,0.7,-5573.9,-39.02,1498.65
DJ30.,long,2025-12-02 18:15:00+01:00,47519.55,2025-12-02 18:15:00+01:00,47457.39097548545,SL,0.6,-6215.9,-37.3,1461.35
SP500.,long,2025-12-02 18:15:00+01:00,6854.32,2025-12-02 18:15:00+01:00,6846.598478164343,SL,4.7,-772.2,-36.29,1425.06
DJ30.,long,2025-12-02 19:00:00+01:00,47608.55,2025-12-02 19:00:00+01:00,47544.17414480943,SL,0.6,-6437.6,-38.63,1386.43
SP500.,long,2025-12-02 19:00:00+01:00,6860.07,2025-12-02 19:00:00+01:00,6849.821573078375,SL,3.4,-1024.8,-34.84,1351.59
SP500.,short,2025-12-02 19:30:00+01:00,6824.07,2025-12-02 19:30:00+01:00,6834.481273142121,SL,3.2,-1041.1,-33.32,1318.27
DJ30.,short,2025-12-03 17:30:00+01:00,47491.55,2025-12-03 17:30:00+01:00,47543.43934195259,SL,0.6,-5188.9,-31.13,1287.14
SP500.,short,2025-12-03 17:30:00+01:00,6829.42,2025-12-03 17:30:00+01:00,6838.288170012924,SL,3.6,-886.8,-31.93,1255.21
NAS100.,short,2025-12-03 17:30:00+01:00,25488.09,2025-12-03 18:00:00+01:00,25534.09479706922,SL,0.7,-4600.5,-32.2,1223.01
NAS100.,long,2025-12-04 17:15:00+01:00,25717.94,2025-12-04 17:15:00+01:00,25684.551956082712,SL,0.9,-3338.8,-30.05,1192.96
SP500.,long,2025-12-04 17:15:00+01:00,6880.12,2025-12-04 17:30:00+01:00,6874.214402287588,SL,5.1,-590.6,-30.12,1162.84
DJ30.,short,2025-12-04 17:45:00+01:00,47948.55,2025-12-04 17:45:00+01:00,47864.489952220065,SL,0.6,8406.0,50.44,1213.28
DJ30.,short,2025-12-04 18:15:00+01:00,47898.55,2025-12-04 18:15:00+01:00,47956.54605534729,SL,0.5,-5799.6,-29.0,1184.28
NAS100.,short,2025-12-04 17:45:00+01:00,25581.44,2025-12-04 18:30:00+01:00,25623.15856957017,SL,0.7,-4171.9,-29.2,1155.08
SP500.,short,2025-12-04 18:00:00+01:00,6853.62,2025-12-04 18:30:00+01:00,6861.490434830236,SL,3.9,-787.0,-30.69,1124.39
DJ30.,short,2025-12-04 19:45:00+01:00,47871.55,2025-12-04 19:45:00+01:00,47936.23348355619,SL,0.4,-6468.3,-25.87,1098.52
DJ30.,long,2025-12-05 17:45:00+01:00,48035.45,2025-12-05 18:00:00+01:00,48159.600600930266,SL,0.6,12415.1,74.49,1173.01
SP500.,long,2025-12-05 18:00:00+01:00,6890.17,2025-12-05 18:15:00+01:00,6901.280762981543,SL,4.2,1111.1,46.67,1219.68
NAS100.,long,2025-12-05 18:00:00+01:00,25784.4,2025-12-05 18:45:00+01:00,25740.577588980217,SL,0.6,-4382.2,-26.29,1193.39
SP500.,short,2025-12-08 17:45:00+01:00,6880.3,2025-12-08 18:00:00+01:00,6871.627871995201,SL,5.7,867.2,49.43,1242.82
NAS100.,short,2025-12-08 18:00:00+01:00,25745.35,2025-12-08 18:15:00+01:00,25673.670138435093,SL,0.8,7168.0,57.34,1300.16
DJ30.,short,2025-12-08 18:15:00+01:00,47857.45,2025-12-08 18:15:00+01:00,47911.1023751997,SL,0.6,-5365.2,-32.19,1267.97
DJ30.,short,2025-12-08 18:45:00+01:00,47857.15,2025-12-08 21:15:00+01:00,47729.944392762896,SL,0.6,12720.6,76.32,1344.29
DJ30.,short,2025-12-09 17:15:00+01:00,47748.03,2025-12-09 17:15:00+01:00,47786.60303399871,SL,0.9,-3857.3,-34.72,1309.57
DJ30.,long,2025-12-10 18:00:00+01:00,47713.53,2025-12-10 19:00:00+01:00,47811.35779384053,SL,0.6,9782.8,58.7,1368.27
NAS100.,short,2025-12-10 18:45:00+01:00,25595.25,2025-12-10 19:15:00+01:00,25638.627778018443,SL,0.8,-4337.8,-34.7,1333.57
SP500.,short,2025-12-11 18:00:00+01:00,6847.85,2025-12-11 18:00:00+01:00,6858.2785642192075,SL,3.2,-1042.9,-33.37,1300.2
SP500.,short,2025-12-12 18:00:00+01:00,6896.68,2025-12-12 18:00:00+01:00,6880.773593241725,SL,4.2,1590.6,66.81,1367.01
DJ30.,short,2025-12-12 18:15:00+01:00,48824.53,2025-12-12 18:30:00+01:00,48726.903574920485,SL,0.6,9762.6,58.58,1425.59
DJ30.,long,2025-12-15 17:15:00+01:00,48802.45,2025-12-15 17:15:00+01:00,48768.14003459586,SL,1.0,-3431.0,-34.31,1391.28
NAS100.,short,2025-12-15 17:45:00+01:00,25318.75,2025-12-15 17:45:00+01:00,25258.860709890483,SL,1.0,5988.9,59.89,1451.17
DJ30.,short,2025-12-15 17:45:00+01:00,48694.45,2025-12-15 17:45:00+01:00,48576.42489112918,SL,0.8,11802.5,94.42,1545.59
SP500.,short,2025-12-15 17:45:00+01:00,6858.4,2025-12-15 18:00:00+01:00,6835.3899162770285,SL,5.6,2301.0,128.86,1674.45
DJ30.,short,2025-12-16 17:45:00+01:00,48376.96,2025-12-16 17:45:00+01:00,48444.92260986977,SL,0.6,-6796.3,-40.78,1633.67
DJ30.,short,2025-12-16 18:15:00+01:00,48353.41,2025-12-16 18:15:00+01:00,48204.04455319999,SL,0.5,14936.5,74.68,1708.35
SP500.,short,2025-12-16 18:30:00+01:00,6795.15,2025-12-16 18:45:00+01:00,6810.420557908456,SL,2.8,-1527.1,-42.76,1665.59
SP500.,short,2025-12-17 17:30:00+01:00,6815.5,2025-12-17 17:30:00+01:00,6800.449934008631,SL,5.2,1505.0,78.26,1743.85
DJ30.,long,2025-12-17 17:45:00+01:00,48303.44,2025-12-17 17:45:00+01:00,48401.619928964996,SL,0.8,9818.0,78.54,1822.39
DJ30.,long,2025-12-17 18:15:00+01:00,48373.44,2025-12-17 18:15:00+01:00,48305.10974483526,SL,0.7,-6833.0,-47.83,1774.56
NAS100.,short,2025-12-17 18:00:00+01:00,25116.93,2025-12-17 18:30:00+01:00,24933.847635925085,SL,0.8,18308.2,146.47,1921.03
SP500.,short,2025-12-17 18:00:00+01:00,6807.63,2025-12-17 18:30:00+01:00,6774.682978813565,SL,4.3,3294.7,141.67,2062.7
DJ30.,short,2025-12-17 18:45:00+01:00,48179.44,2025-12-17 19:45:00+01:00,48030.26716963846,SL,0.6,14917.3,89.5,2152.2
DJ30.,long,2025-12-18 18:30:00+01:00,48283.56,2025-12-18 20:00:00+01:00,48199.972629458476,SL,0.6,-8358.7,-50.15,2102.05
SP500.,long,2025-12-18 18:30:00+01:00,6805.5,2025-12-18 20:00:00+01:00,6790.863569016604,SL,3.7,-1463.6,-54.15,2047.9
DJ30.,long,2025-12-19 17:30:00+01:00,48104.11,2025-12-19 17:30:00+01:00,48249.21141827325,SL,1.0,14510.1,145.1,2193.0
DJ30.,long,2025-12-22 17:15:00+01:00,48259.35,2025-12-22 17:30:00+01:00,48365.86748402875,TP,2.1,10651.7,223.69,2416.69
DJ30.,long,2025-12-24 17:15:00+01:00,48505.89,2025-12-24 17:15:00+01:00,48487.80688829678,SL,3.3,-1808.3,-59.67,2357.02
NAS100.,long,2025-12-24 19:15:00+01:00,25652.53,2025-12-26 02:00:00+01:00,25696.585758051533,SL,2.7,4405.6,118.95,2475.97
NAS100.,long,2025-12-26 17:45:00+01:00,25736.73,2025-12-26 17:45:00+01:00,25715.863496689966,SL,3.0,-2086.7,-62.6,2413.37
DJ30.,long,2025-12-26 17:45:00+01:00,48768.39,2025-12-26 17:45:00+01:00,48737.163489736384,SL,1.9,-3122.7,-59.33,2354.04
NAS100.,short,2025-12-26 18:15:00+01:00,25648.23,2025-12-26 18:15:00+01:00,25669.21769709301,SL,2.8,-2098.8,-58.77,2295.27
NAS100.,short,2025-12-29 18:15:00+01:00,25492.45,2025-12-29 18:15:00+01:00,25526.934946320886,SL,1.7,-3448.5,-58.62,2236.65
SP500.,short,2025-12-29 18:15:00+01:00,6905.2,2025-12-29 18:15:00+01:00,6912.080347833249,SL,8.1,-688.0,-55.73,2180.92
NAS100.,short,2025-12-30 17:30:00+01:00,25511.71,2025-12-30 17:30:00+01:00,25535.399117946767,SL,2.3,-2368.9,-54.48,2126.44
SP500.,short,2025-12-30 17:45:00+01:00,6905.91,2025-12-30 17:45:00+01:00,6910.492984383545,SL,11.6,-458.3,-53.16,2073.28
SP500.,short,2025-12-30 18:15:00+01:00,6903.41,2025-12-30 18:45:00+01:00,6909.957318167444,SL,7.9,-654.7,-51.72,2021.56
DJ30.,short,2025-12-30 18:15:00+01:00,48388.61,2025-12-30 19:00:00+01:00,48432.86554110941,SL,1.2,-4425.6,-53.11,1968.45
DJ30.,short,2025-12-31 17:45:00+01:00,48288.61,2025-12-31 17:45:00+01:00,48322.500359108104,SL,1.5,-3389.0,-50.84,1917.61
DJ30.,short,2025-12-31 18:15:00+01:00,48259.61,2025-12-31 21:30:00+01:00,48302.63918719015,SL,1.1,-4302.9,-47.33,1870.28
DJ30.,short,2026-01-02 17:30:00+01:00,48227.11,2026-01-02 17:30:00+01:00,48098.15313138026,TP,1.5,12895.7,193.44,2063.72
SP500.,short,2026-01-02 17:45:00+01:00,6880.26,2026-01-02 17:45:00+01:00,6886.274843815156,SL,8.6,-601.5,-51.73,2011.99
NAS100.,short,2026-01-02 18:15:00+01:00,25433.81,2026-01-02 18:15:00+01:00,25305.277227448485,SL,1.2,12853.3,154.24,2166.23
SP500.,short,2026-01-02 18:15:00+01:00,6874.01,2026-01-02 18:15:00+01:00,6848.860263545145,SL,7.0,2515.0,176.05,2342.28
DJ30.,short,2026-01-02 18:30:00+01:00,47989.61,2026-01-02 18:30:00+01:00,48039.63196051348,SL,1.2,-5002.2,-60.03,2282.25
SP500.,short,2026-01-02 19:00:00+01:00,6844.26,2026-01-02 19:15:00+01:00,6852.669011166397,SL,6.8,-840.9,-57.18,2225.07
NAS100.,long,2026-01-05 17:15:00+01:00,25440.7,2026-01-05 17:30:00+01:00,25407.196582777695,SL,1.7,-3350.3,-56.96,2168.11
DJ30.,long,2026-01-05 17:15:00+01:00,48490.35,2026-01-05 17:30:00+01:00,48671.95514439954,TP,1.2,18160.5,217.93,2386.04
SP500.,long,2026-01-05 17:15:00+01:00,6891.72,2026-01-05 17:30:00+01:00,6905.260018938174,SL,8.6,1354.0,116.44,2502.48
SP500.,long,2026-01-05 18:00:00+01:00,6901.97,2026-01-05 18:30:00+01:00,6916.6517298131075,SL,7.8,1468.2,114.52,2617.0
NAS100.,long,2026-01-05 18:15:00+01:00,25473.45,2026-01-05 21:15:00+01:00,25421.976117716935,SL,1.2,-5147.4,-61.77,2555.23
NAS100.,long,2026-01-06 17:45:00+01:00,25502.15,2026-01-06 17:45:00+01:00,25582.992674759378,SL,2.1,8084.3,169.77,2725.0
SP500.,long,2026-01-06 17:45:00+01:00,6915.39,2026-01-06 17:45:00+01:00,6930.554575638291,SL,13.1,1516.5,198.66,2923.66
DJ30.,long,2026-01-06 17:45:00+01:00,49055.61,2026-01-06 18:00:00+01:00,49188.14957614034,SL,1.3,13254.0,172.3,3095.96
DJ30.,long,2026-01-07 17:30:00+01:00,49608.41,2026-01-07 17:30:00+01:00,49579.72493805841,SL,2.7,-2868.5,-77.45,3018.51
DJ30.,short,2026-01-08 17:30:00+01:00,48818.41,2026-01-08 17:30:00+01:00,48856.66214164292,SL,2.0,-3825.2,-76.5,2942.01
SP500.,short,2026-01-08 17:45:00+01:00,6907.39,2026-01-08 17:45:00+01:00,6914.476612535687,SL,10.4,-708.7,-73.7,2868.31
SP500.,long,2026-01-08 18:15:00+01:00,6926.14,2026-01-08 18:30:00+01:00,6917.230006427621,SL,8.0,-891.0,-71.28,2797.03
NAS100.,long,2026-01-09 18:30:00+01:00,25698.15,2026-01-09 18:30:00+01:00,25648.498159444636,SL,1.4,-4965.2,-69.51,2727.52
DJ30.,long,2026-01-09 18:30:00+01:00,49464.41,2026-01-09 18:30:00+01:00,49406.34638202277,SL,1.2,-5806.4,-69.68,2657.84
SP500.,long,2026-01-09 18:30:00+01:00,6959.84,2026-01-09 18:30:00+01:00,6950.520678002245,SL,7.1,-931.9,-66.17,2591.67
NAS100.,long,2026-01-09 19:15:00+01:00,25735.9,2026-01-12 03:30:00+01:00,25684.161789752947,SL,1.3,-5173.8,-67.26,2524.41
DJ30.,long,2026-01-12 17:30:00+01:00,49256.35,2026-01-12 17:30:00+01:00,49214.94443063423,SL,1.5,-4140.6,-62.11,2462.3
DJ30.,long,2026-01-12 18:45:00+01:00,49378.35,2026-01-12 21:00:00+01:00,49523.6052020139,SL,0.8,14525.5,116.2,2578.5
DJ30.,long,2026-01-13 17:15:00+01:00,49630.78,2026-01-13 17:15:00+01:00,49573.84030102625,SL,1.1,-5694.0,-62.63,2515.87
SP500.,long,2026-01-13 17:15:00+01:00,6988.95,2026-01-13 17:30:00+01:00,6982.082810686108,SL,9.2,-686.7,-63.18,2452.69
DJ30.,short,2026-01-13 17:45:00+01:00,49419.78,2026-01-13 17:45:00+01:00,49316.670457484426,SL,1.1,10311.0,113.42,2566.11
SP500.,short,2026-01-13 18:30:00+01:00,6955.2,2026-01-13 18:30:00+01:00,6962.970770129938,SL,8.3,-777.1,-64.5,2501.61
DJ30.,long,2026-01-14 18:15:00+01:00,49171.78,2026-01-14 18:15:00+01:00,49107.23316168464,SL,1.0,-6454.7,-64.55,2437.06
NAS100.,short,2026-01-14 18:30:00+01:00,25468.58,2026-01-14 18:45:00+01:00,25349.72051160094,SL,1.2,11885.9,142.63,2579.69
SP500.,short,2026-01-14 18:30:00+01:00,6916.1,2026-01-14 18:45:00+01:00,6897.085493993546,SL,6.1,1901.5,115.99,2695.68
DJ30.,short,2026-01-14 18:45:00+01:00,48978.78,2026-01-14 19:15:00+01:00,49044.2692409604,SL,1.0,-6548.9,-65.49,2630.19
DJ30.,short,2026-01-16 17:45:00+01:00,49423.78,2026-01-16 17:45:00+01:00,49477.83994469379,SL,1.2,-5406.0,-64.87,2565.32
NAS100.,short,2026-01-19 17:45:00+01:00,25116.35,2026-01-19 17:45:00+01:00,25158.358256949115,SL,1.5,-4200.8,-63.01,2502.31
SP500.,short,2026-01-19 17:45:00+01:00,6858.45,2026-01-19 17:45:00+01:00,6866.526338118478,SL,7.7,-807.6,-62.19,2440.12
NAS100.,long,2026-01-20 17:45:00+01:00,25206.1,2026-01-20 17:45:00+01:00,25144.509412069114,SL,1.0,-6159.1,-61.59,2378.53
SP500.,long,2026-01-20 17:45:00+01:00,6858.3,2026-01-20 17:45:00+01:00,6846.6403468713925,SL,5.1,-1166.0,-59.46,2319.07
DJ30.,long,2026-01-20 18:30:00+01:00,48880.35,2026-01-20 19:00:00+01:00,48796.49830248931,SL,0.7,-8385.2,-58.7,2260.37
SP500.,long,2026-01-20 18:30:00+01:00,6865.25,2026-01-20 19:15:00+01:00,6852.819406842803,SL,4.7,-1243.1,-58.42,2201.95
NAS100.,long,2026-01-20 18:30:00+01:00,25234.6,2026-01-20 20:30:00+01:00,25169.626986838102,SL,0.9,-6497.3,-58.48,2143.47
DJ30.,long,2026-01-21 17:45:00+01:00,48732.45,2026-01-21 18:00:00+01:00,48884.4439622528,SL,0.6,15199.4,91.2,2234.67
NAS100.,long,2026-01-22 17:30:00+01:00,25608.71,2026-01-22 17:30:00+01:00,25573.622406768172,SL,1.6,-3508.8,-56.14,2178.53
DJ30.,long,2026-01-22 17:30:00+01:00,49403.25,2026-01-22 17:30:00+01:00,49595.742746030715,TP,1.1,19249.3,211.74,2390.27
NAS100.,short,2026-01-22 18:00:00+01:00,25457.26,2026-01-22 18:30:00+01:00,25506.21786100091,SL,1.2,-4895.8,-58.75,2331.52
SP500.,short,2026-01-22 18:00:00+01:00,6907.0,2026-01-22 18:30:00+01:00,6916.386738512869,SL,6.4,-938.7,-60.08,2271.44
DJ30.,long,2026-01-22 18:45:00+01:00,49478.45,2026-01-22 20:30:00+01:00,49620.64773752157,SL,0.7,14219.8,99.54,2370.98
NAS100.,long,2026-01-23 18:00:00+01:00,25546.46,2026-01-23 18:15:00+01:00,25625.656745044897,SL,1.2,7919.7,95.04,2466.02
NAS100.,short,2026-01-27 17:45:00+01:00,25852.25,2026-01-27 17:45:00+01:00,25882.395640701758,SL,2.0,-3014.6,-60.29,2405.73
SP500.,long,2026-01-27 18:00:00+01:00,6979.76,2026-01-27 18:00:00+01:00,6974.194620509803,SL,10.8,-556.5,-60.11,2345.62
SP500.,long,2026-01-27 18:45:00+01:00,6985.09,2026-01-27 21:00:00+01:00,6978.235380379022,SL,8.6,-685.5,-58.95,2286.67
NAS100.,long,2026-01-27 18:15:00+01:00,25952.75,2026-01-28 02:00:00+01:00,26024.431913520955,SL,1.6,7168.2,114.69,2401.36
DJ30.,short,2026-01-28 18:15:00+01:00,48943.37,2026-01-28 18:15:00+01:00,49001.607863032914,SL,1.0,-5823.8,-58.24,2343.12
SP500.,short,2026-01-28 18:15:00+01:00,6988.24,2026-01-28 18:15:00+01:00,6995.520821127518,SL,8.0,-728.1,-58.25,2284.87
NAS100.,short,2026-01-28 18:15:00+01:00,26108.4,2026-01-28 19:30:00+01:00,26030.008831020208,SL,1.4,7839.1,109.75,2394.62
SP500.,short,2026-01-28 18:45:00+01:00,6984.99,2026-01-28 22:00:00+01:00,6970.232842289575,SL,7.6,1475.7,112.15,2506.77
DJ30.,short,2026-01-29 18:15:00+01:00,48943.37,2026-01-29 18:30:00+01:00,48750.80183232405,SL,0.6,19256.8,115.54,2622.31
NAS100.,short,2026-02-03 17:30:00+01:00,25839.43,2026-02-03 17:30:00+01:00,25717.434420393292,TP,2.1,12199.6,256.19,2878.5
DJ30.,short,2026-02-03 17:30:00+01:00,49348.42,2026-02-03 17:30:00+01:00,49388.14369468075,SL,1.8,-3972.4,-71.5,2807.0
NAS100.,short,2026-02-04 17:45:00+01:00,25241.33,2026-02-04 17:45:00+01:00,25120.719499310402,SL,1.2,12061.1,144.73,2951.73
SP500.,short,2026-02-04 18:00:00+01:00,6908.57,2026-02-04 18:00:00+01:00,6921.6177656097325,SL,5.7,-1304.8,-74.37,2877.36
DJ30.,long,2026-02-04 18:30:00+01:00,49642.42,2026-02-04 18:30:00+01:00,49554.84651582774,SL,0.8,-8757.3,-70.06,2807.3
SP500.,short,2026-02-04 19:15:00+01:00,6905.04,2026-02-04 19:45:00+01:00,6875.697455993776,SL,4.6,2934.3,134.98,2942.28
NAS100.,long,2026-02-06 18:30:00+01:00,24825.18,2026-02-06 21:15:00+01:00,25005.487922250097,SL,0.7,18030.8,126.22,3068.5
SP500.,long,2026-02-09 18:15:00+01:00,6942.45,2026-02-09 18:45:00+01:00,6963.678913282906,SL,5.8,2122.9,123.13,3191.63
DJ30.,long,2026-02-09 18:45:00+01:00,50213.35,2026-02-09 19:15:00+01:00,50132.35801065616,SL,0.9,-8099.2,-72.89,3118.74
NAS100.,long,2026-02-09 18:15:00+01:00,25142.6,2026-02-09 19:45:00+01:00,25301.92891366142,SL,1.0,15932.9,159.33,3278.07
NAS100.,short,2026-02-10 17:45:00+01:00,25237.09,2026-02-10 17:45:00+01:00,25284.173686801332,SL,1.7,-4708.4,-80.04,3198.03
DJ30.,long,2026-02-11 17:15:00+01:00,50447.89,2026-02-11 17:45:00+01:00,50389.45421504462,SL,1.4,-5843.6,-81.81,3116.22
NAS100.,short,2026-02-11 18:30:00+01:00,25009.01,2026-02-11 18:30:00+01:00,25065.339949610116,SL,1.4,-5633.0,-78.86,3037.36
SP500.,short,2026-02-11 18:30:00+01:00,6920.05,2026-02-11 18:30:00+01:00,6930.543299002015,SL,7.2,-1049.3,-75.55,2961.81
NAS100.,short,2026-02-12 17:45:00+01:00,25241.89,2026-02-12 17:45:00+01:00,25136.20730187816,SL,1.8,10568.3,190.23,3152.04
DJ30.,long,2026-02-12 18:15:00+01:00,50418.39,2026-02-12 18:15:00+01:00,50347.82968524761,SL,1.1,-7056.0,-77.62,3074.42
SP500.,short,2026-02-12 18:00:00+01:00,6951.0,2026-02-12 18:15:00+01:00,6959.511765218336,SL,9.3,-851.2,-79.16,2995.26
NAS100.,short,2026-02-12 18:15:00+01:00,25165.89,2026-02-12 18:30:00+01:00,25036.361296007188,SL,1.5,12952.9,194.29,3189.55
DJ30.,short,2026-02-12 18:45:00+01:00,50199.39,2026-02-12 19:00:00+01:00,49854.955010616264,TP,0.9,34443.5,309.99,3499.54
NAS100.,long,2026-02-13 18:30:00+01:00,24781.64,2026-02-13 18:45:00+01:00,24684.685433480634,SL,0.9,-9695.5,-87.26,3412.28
SP500.,long,2026-02-13 18:30:00+01:00,6848.0,2026-02-13 18:45:00+01:00,6829.170853472122,SL,4.6,-1882.9,-86.61,3325.67
SP500.,short,2026-02-16 17:15:00+01:00,6849.03,2026-02-16 17:30:00+01:00,6836.947247791257,SL,13.1,1208.3,158.28,3483.95
DJ30.,short,2026-02-16 17:30:00+01:00,49651.35,2026-02-16 18:00:00+01:00,49693.136186127536,SL,2.0,-4178.6,-83.57,3400.38
SP500.,short,2026-02-16 18:30:00+01:00,6835.9,2026-02-16 20:30:00+01:00,6844.268120236171,SL,10.2,-836.8,-85.35,3315.03
DJ30.,short,2026-02-16 18:30:00+01:00,49591.35,2026-02-17 04:45:00+01:00,49372.40565264591,TP,1.6,21894.4,350.31,3665.34
NAS100.,long,2026-02-17 17:45:00+01:00,24643.15,2026-02-17 17:45:00+01:00,24573.349070203694,SL,1.3,-6980.1,-90.74,3574.6
SP500.,short,2026-02-17 18:00:00+01:00,6786.0,2026-02-17 18:00:00+01:00,6799.892070076509,SL,6.4,-1389.2,-88.91,3485.69
NAS100.,short,2026-02-17 18:15:00+01:00,24440.15,2026-02-17 18:15:00+01:00,24510.143478126756,SL,1.2,-6999.3,-83.99,3401.7
DJ30.,short,2026-02-17 18:15:00+01:00,49272.35,2026-02-17 18:15:00+01:00,49354.779111515556,SL,1.0,-8242.9,-82.43,3319.27
DJ30.,short,2026-02-17 18:45:00+01:00,49240.35,2026-02-17 18:45:00+01:00,49323.08022912262,SL,1.0,-8273.0,-82.73,3236.54
NAS100.,long,2026-02-17 19:15:00+01:00,24717.15,2026-02-17 19:30:00+01:00,24646.862147523214,SL,1.2,-7028.8,-84.35,3152.19
SP500.,long,2026-02-17 19:15:00+01:00,6844.4,2026-02-17 19:30:00+01:00,6830.435942324478,SL,5.8,-1396.4,-80.99,3071.2
NAS100.,short,2026-02-18 17:15:00+01:00,24776.07,2026-02-18 17:45:00+01:00,24820.50001935162,SL,1.7,-4443.0,-75.53,2995.67
SP500.,long,2026-02-18 18:15:00+01:00,6900.89,2026-02-18 21:45:00+01:00,6887.372819335084,SL,5.5,-1351.7,-74.34,2921.33
DJ30.,short,2026-02-19 18:15:00+01:00,49447.41,2026-02-19 18:15:00+01:00,49532.63378646527,SL,0.9,-8522.4,-76.7,2844.63
DJ30.,long,2026-02-19 18:45:00+01:00,49605.41,2026-02-19 18:45:00+01:00,49519.6349266663,SL,0.8,-8577.5,-68.62,2776.01
SP500.,long,2026-02-19 18:45:00+01:00,6875.94,2026-02-19 19:00:00+01:00,6861.263693354046,SL,4.7,-1467.6,-68.98,2707.03
NAS100.,long,2026-02-19 18:45:00+01:00,24858.82,2026-02-19 19:30:00+01:00,24786.412522302297,SL,1.0,-7240.7,-72.41,2634.62
DJ30.,long,2026-02-20 18:30:00+01:00,49536.41,2026-02-20 18:30:00+01:00,49453.24063608042,SL,0.8,-8316.9,-66.54,2568.08
NAS100.,long,2026-02-20 18:45:00+01:00,25007.47,2026-02-20 19:15:00+01:00,24938.80706468675,SL,0.9,-6866.3,-61.8,2506.28
DJ30.,long,2026-02-20 19:00:00+01:00,49540.41,2026-02-20 19:15:00+01:00,49457.24063608042,SL,0.8,-8316.9,-66.54,2439.74
SP500.,long,2026-02-20 18:30:00+01:00,6886.69,2026-02-20 20:15:00+01:00,6872.2974245535415,SL,4.5,-1439.3,-64.77,2374.97
NAS100.,short,2026-02-23 17:45:00+01:00,24837.75,2026-02-23 17:45:00+01:00,24888.106631655504,SL,1.2,-5035.7,-60.43,2314.54
DJ30.,short,2026-02-23 18:00:00+01:00,49255.5,2026-02-23 18:00:00+01:00,49065.68332254608,SL,0.7,18981.7,132.87,2447.41
SP500.,short,2026-02-23 18:15:00+01:00,6867.6,2026-02-23 18:45:00+01:00,6846.498286411015,SL,5.0,2110.2,105.51,2552.92
NAS100.,short,2026-02-23 18:45:00+01:00,24786.25,2026-02-23 19:00:00+01:00,24652.18160994599,SL,0.9,13406.8,120.66,2673.58
NAS100.,long,2026-02-24 17:45:00+01:00,24872.06,2026-02-24 18:00:00+01:00,24815.148299303743,SL,1.2,-5691.2,-68.29,2605.29
DJ30.,long,2026-02-24 18:30:00+01:00,49281.37,2026-02-24 18:30:00+01:00,49201.86531267393,SL,0.8,-7950.5,-63.6,2541.69
SP500.,long,2026-02-24 18:30:00+01:00,6883.85,2026-02-25 06:00:00+01:00,6904.3525068761855,SL,5.3,2050.3,108.66,2650.35
NAS100.,long,2026-02-24 18:30:00+01:00,24972.31,2026-02-25 15:00:00+01:00,25071.482923394047,SL,1.1,9917.3,109.09,2759.44
NAS100.,short,2026-02-26 17:30:00+01:00,25307.86,2026-02-26 17:30:00+01:00,25202.808973227675,SL,2.4,10505.1,252.12,3011.56
SP500.,short,2026-02-26 17:45:00+01:00,6933.8,2026-02-26 18:00:00+01:00,6907.7277891737685,SL,10.3,2607.2,268.54,3280.1
DJ30.,long,2026-03-02 17:45:00+01:00,48629.05,2026-03-02 18:00:00+01:00,48881.55503161162,SL,0.8,25250.5,202.0,3482.1
DJ30.,long,2026-03-02 18:30:00+01:00,48818.35,2026-03-02 18:30:00+01:00,48694.39619574593,SL,0.7,-12395.4,-86.77,3395.33
SP500.,long,2026-03-02 17:45:00+01:00,6836.7,2026-03-02 19:00:00+01:00,6866.707683324798,SL,4.8,3000.8,144.04,3539.37
NAS100.,long,2026-03-02 17:45:00+01:00,24813.2,2026-03-02 19:30:00+01:00,24961.56645296678,SL,1.0,14836.6,148.37,3687.74
DJ30.,short,2026-03-04 17:45:00+01:00,48409.47,2026-03-04 18:00:00+01:00,48543.4686832256,SL,0.7,-13399.9,-93.8,3593.94
NAS100.,long,2026-03-04 18:15:00+01:00,24960.68,2026-03-04 19:00:00+01:00,25105.57315479417,SL,1.0,14489.3,144.89,3738.83
DJ30.,short,2026-03-05 17:15:00+01:00,48391.37,2026-03-05 17:30:00+01:00,48485.26581214734,SL,1.0,-9389.6,-93.9,3644.93
SP500.,short,2026-03-05 18:30:00+01:00,6824.75,2026-03-05 20:45:00+01:00,6784.640793409648,SL,4.5,4010.9,180.49,3825.42
SP500.,short,2026-03-09 18:15:00+01:00,6642.45,2026-03-09 18:15:00+01:00,6664.586825534934,SL,4.3,-2213.7,-95.19,3730.23
DJ30.,short,2026-03-09 18:15:00+01:00,46716.35,2026-03-09 18:30:00+01:00,46885.07930229077,SL,0.6,-16872.9,-101.24,3628.99
NAS100.,long,2026-03-11 17:45:00+01:00,25067.32,2026-03-11 18:15:00+01:00,25003.05688973722,SL,1.4,-6426.3,-89.97,3539.02
DJ30.,short,2026-03-11 18:30:00+01:00,47372.38,2026-03-11 18:30:00+01:00,47524.289388890356,SL,0.6,-15190.9,-91.15,3447.87
